<?xml version="1.0" encoding="UTF-8"?>
<data version="1">
    <counter type="1" graphic="0x0000" color="0x0000" display_text="" minimum_value="25" middle_value="50" minimum_text_color="33" middle_text_color="53" normal_text_color="68"/>
    <counter type="0" graphic="0x0E21" color="0x0000" display_text="" minimum_value="20" middle_value="40" minimum_text_color="33" middle_text_color="53" normal_text_color="1001"/>
    <counter type="0" graphic="0x22C5" color="0x0000" display_text="" minimum_value="5" middle_value="15" minimum_text_color="1001" middle_text_color="53" normal_text_color="68"/>
    <counter type="0" graphic="0x1F14" color="0x0B1D" display_text="" minimum_value="5" middle_value="15" minimum_text_color="1001" middle_text_color="53" normal_text_color="68"/>
    <counter type="13" graphic="0x1BC3" color="0x0000" display_text="" minimum_value="5" middle_value="15" minimum_text_color="1001" middle_text_color="1001" normal_text_color="1001"/>
    <counter type="0" graphic="0x20EF" color="0xFFFF" display_text="" minimum_value="5" middle_value="15" minimum_text_color="1001" middle_text_color="1001" normal_text_color="1001"/>
    <counter type="0" graphic="0x2103" color="0x0000" display_text="" minimum_value="5" middle_value="15" minimum_text_color="1001" middle_text_color="1001" normal_text_color="1001"/>
    <counter type="0" graphic="0x2119" color="0xFFFF" display_text="" minimum_value="5" middle_value="15" minimum_text_color="1001" middle_text_color="1001" normal_text_color="1001"/>
    <counter type="0" graphic="0x20D1" color="0x0000" display_text="" minimum_value="5" middle_value="15" minimum_text_color="1001" middle_text_color="1001" normal_text_color="1001"/>
    <counter type="0" graphic="0x20EE" color="0x0901" display_text="" minimum_value="5" middle_value="15" minimum_text_color="1001" middle_text_color="1001" normal_text_color="1001"/>
    <counter type="0" graphic="0x0000" color="0x0000" display_text="" minimum_value="5" middle_value="15" minimum_text_color="33" middle_text_color="53" normal_text_color="68"/>
</data>
