<?xml version="1.0" encoding="UTF-8"?>
<data version="1">
    <macro key_id="60" alt="false" ctrl="false" shift="false">
        <action code="17" sub_code="0"/>
        <action code="0" sub_code="0"/>
    </macro>
    <macro key_id="61" alt="false" ctrl="false" shift="false">
        <action code="22" sub_code="0"/>
        <action code="0" sub_code="0"/>
    </macro>
    <macro key_id="17" alt="true" ctrl="false" shift="false">
        <action code="21" sub_code="0"/>
        <action code="0" sub_code="0"/>
    </macro>
    <macro key_id="19" alt="true" ctrl="false" shift="false">
        <action code="8" sub_code="10"/>
        <action code="0" sub_code="0"/>
    </macro>
    <macro key_id="58" alt="false" ctrl="false" shift="false">
        <action code="12" sub_code="0"/>
        <action code="0" sub_code="0"/>
    </macro>
    <macro key_id="16" alt="true" ctrl="false" shift="false">
        <action code="8" sub_code="18"/>
        <action code="0" sub_code="0"/>
    </macro>
    <macro key_id="12" alt="true" ctrl="false" shift="false">
        <action code="8" sub_code="16"/>
        <action code="0" sub_code="0"/>
    </macro>
    <macro key_id="13" alt="true" ctrl="false" shift="false">
        <action code="8" sub_code="12"/>
        <action code="0" sub_code="0"/>
    </macro>
</data>
