<?xml version="1.0" encoding="UTF-8"?>
<data version="0" size="73">
    <item name="name" type="1" text="" id="0x0000" hue="0x0000" mincolor="#00000000" midcolor="#00000000" color="#00000001" background="false" bgmincolor="#0000007F" bgmidcolor="#007F7F7F" bgcolor="#007F0000" minvalue="0" midvalue="0" percents="false"/>
    <item name="server" type="2" text="" id="0x0000" hue="0x0000" mincolor="#00000000" midcolor="#00000000" color="#00000001" background="false" bgmincolor="#00000000" bgmidcolor="#00000000" bgcolor="#00000000" minvalue="0" midvalue="0" percents="false"/>
    <item name="barsmall" type="3" text="" id="0x0000" hue="0x0000" mincolor="#00007F00" midcolor="#00007F00" color="#00007F00" background="false" bgmincolor="#00000000" bgmidcolor="#00000000" bgcolor="#00000000" minvalue="33" midvalue="66" percents="false"/>
    <item name="barmiddle" type="4" text="" id="0x0000" hue="0x0000" mincolor="#00007F00" midcolor="#00007F00" color="#00007F00" background="false" bgmincolor="#00000000" bgmidcolor="#00000000" bgcolor="#00000000" minvalue="33" midvalue="66" percents="false"/>
    <item name="barlarge" type="5" text="" id="0x0000" hue="0x0000" mincolor="#000000FF" midcolor="#0000FFFF" color="#00007F00" background="false" bgmincolor="#00000000" bgmidcolor="#00000000" bgcolor="#00000000" minvalue="33" midvalue="66" percents="false"/>
    <item name="hp" type="6" text="" id="0x0000" hue="0x0000" mincolor="#000000FF" midcolor="#0000FFFF" color="#0000AA00" background="true" bgmincolor="#00080808" bgmidcolor="#00080808" bgcolor="#00080808" minvalue="33" midvalue="66" percents="true"/>
    <item name="maxhp" type="7" text="" id="0x0000" hue="0x0000" mincolor="#00FFFFFF" midcolor="#00000001" color="#00000001" background="true" bgmincolor="#0000007F" bgmidcolor="#0000FFFF" bgcolor="#00000000" minvalue="0" midvalue="0" percents="false"/>
    <item name="hp_maxhp" type="8" text="hp:" id="0x0000" hue="0x0000" mincolor="#00FFFFFF" midcolor="#00000001" color="#00000001" background="true" bgmincolor="#000000FF" bgmidcolor="#0000FFFF" bgcolor="#00FFFFFF" minvalue="33" midvalue="66" percents="true"/>
    <item name="mp" type="9" text="mp:" id="0x0000" hue="0x0000" mincolor="#00FFFFFF" midcolor="#00000001" color="#00000001" background="true" bgmincolor="#0000007F" bgmidcolor="#0000FFFF" bgcolor="#00000000" minvalue="33" midvalue="66" percents="true"/>
    <item name="maxmp" type="10" text="" id="0x0000" hue="0x0000" mincolor="#00FFFFFF" midcolor="#00000001" color="#00000001" background="true" bgmincolor="#0000007F" bgmidcolor="#0000FFFF" bgcolor="#00000000" minvalue="0" midvalue="0" percents="false"/>
    <item name="mp_maxmp" type="11" text="mp:" id="0x0000" hue="0x0000" mincolor="#00FFFFFF" midcolor="#00000001" color="#00000001" background="true" bgmincolor="#000000FF" bgmidcolor="#0000FFFF" bgcolor="#00FFFFFF" minvalue="33" midvalue="66" percents="true"/>
    <item name="sp" type="12" text="sp:" id="0x0000" hue="0x0000" mincolor="#00FFFFFF" midcolor="#00000001" color="#00000001" background="true" bgmincolor="#0000007F" bgmidcolor="#0000FFFF" bgcolor="#00000000" minvalue="33" midvalue="66" percents="true"/>
    <item name="maxsp" type="13" text="" id="0x0000" hue="0x0000" mincolor="#00FFFFFF" midcolor="#00000001" color="#00000001" background="true" bgmincolor="#0000007F" bgmidcolor="#0000FFFF" bgcolor="#00000000" minvalue="0" midvalue="0" percents="false"/>
    <item name="sp_maxsp" type="14" text="sp:" id="0x0000" hue="0x0000" mincolor="#00FFFFFF" midcolor="#00000001" color="#00000001" background="true" bgmincolor="#000000FF" bgmidcolor="#0000FFFF" bgcolor="#00FFFFFF" minvalue="33" midvalue="66" percents="true"/>
    <item name="str" type="15" text="str:" id="0x0000" hue="0x0000" mincolor="#00000001" midcolor="#00000001" color="#00000001" background="false" bgmincolor="#00000000" bgmidcolor="#00000000" bgcolor="#00000000" minvalue="10" midvalue="30" percents="false"/>
    <item name="int" type="16" text="int:" id="0x0000" hue="0x0000" mincolor="#00000001" midcolor="#00000001" color="#00000001" background="false" bgmincolor="#00000000" bgmidcolor="#00000000" bgcolor="#00000000" minvalue="10" midvalue="30" percents="false"/>
    <item name="dex" type="17" text="dex:" id="0x0000" hue="0x0000" mincolor="#00000001" midcolor="#00000001" color="#00000001" background="false" bgmincolor="#00000000" bgmidcolor="#00000000" bgcolor="#00000000" minvalue="10" midvalue="30" percents="false"/>
    <item name="weight" type="18" text="w:" id="0x0000" hue="0x0000" mincolor="#00000001" midcolor="#00000001" color="#00FFFFFF" background="true" bgmincolor="#00000000" bgmidcolor="#0000FFFF" bgcolor="#0000007F" minvalue="33" midvalue="66" percents="true"/>
    <item name="maxweight" type="19" text="" id="0x0000" hue="0x0000" mincolor="#00000001" midcolor="#00000001" color="#00000001" background="false" bgmincolor="#00000000" bgmidcolor="#00000000" bgcolor="#00000000" minvalue="0" midvalue="0" percents="false"/>
    <item name="weight_maxweight" type="20" text="w:" id="0x0000" hue="0x0000" mincolor="#00000001" midcolor="#00000001" color="#00000001" background="true" bgmincolor="#00FFFFFF" bgmidcolor="#0000FFFF" bgcolor="#000000FF" minvalue="33" midvalue="66" percents="true"/>
    <item name="armor" type="21" text="ar:" id="0x0000" hue="0x0000" mincolor="#00000001" midcolor="#00000001" color="#00000001" background="true" bgmincolor="#00FFFFFF" bgmidcolor="#00FFFFFF" bgcolor="#00FFFFFF" minvalue="20" midvalue="40" percents="false"/>
    <item name="gold" type="22" text="g:" id="0x0000" hue="0x0000" mincolor="#00000001" midcolor="#00000001" color="#00000001" background="true" bgmincolor="#00FFFFFF" bgmidcolor="#00FFFFFF" bgcolor="#00FFFFFF" minvalue="0" midvalue="0" percents="false"/>
    <item name="followers" type="26" text="f:" id="0x0000" hue="0x0000" mincolor="#00000001" midcolor="#00000001" color="#00000001" background="false" bgmincolor="#00000000" bgmidcolor="#00000000" bgcolor="#00000000" minvalue="0" midvalue="0" percents="false"/>
    <item name="maxfollowers" type="27" text="mf:" id="0x0000" hue="0x0000" mincolor="#00000001" midcolor="#00000001" color="#00000001" background="false" bgmincolor="#00000000" bgmidcolor="#00000000" bgcolor="#00000000" minvalue="0" midvalue="0" percents="false"/>
    <item name="tithingpoints" type="28" text="tp:" id="0x0000" hue="0x0000" mincolor="#00000001" midcolor="#00000001" color="#00000001" background="false" bgmincolor="#00000000" bgmidcolor="#00000000" bgcolor="#00000000" minvalue="0" midvalue="0" percents="false"/>
    <item name="luck" type="29" text="l:" id="0x0000" hue="0x0000" mincolor="#00000001" midcolor="#00000001" color="#00000001" background="false" bgmincolor="#00000000" bgmidcolor="#00000000" bgcolor="#00000000" minvalue="0" midvalue="0" percents="false"/>
    <item name="fireresistance" type="30" text="fr:" id="0x0000" hue="0x0000" mincolor="#00000001" midcolor="#00000001" color="#00000001" background="false" bgmincolor="#00000000" bgmidcolor="#00000000" bgcolor="#00000000" minvalue="0" midvalue="0" percents="false"/>
    <item name="coldresistance" type="31" text="cr:" id="0x0000" hue="0x0000" mincolor="#00000001" midcolor="#00000001" color="#00000001" background="false" bgmincolor="#00000000" bgmidcolor="#00000000" bgcolor="#00000000" minvalue="0" midvalue="0" percents="false"/>
    <item name="poisonresistance" type="32" text="pr:" id="0x0000" hue="0x0000" mincolor="#00000001" midcolor="#00000001" color="#00000001" background="false" bgmincolor="#00000000" bgmidcolor="#00000000" bgcolor="#00000000" minvalue="0" midvalue="0" percents="false"/>
    <item name="energyresistance" type="33" text="er:" id="0x0000" hue="0x0000" mincolor="#00000001" midcolor="#00000001" color="#00000001" background="false" bgmincolor="#00000000" bgmidcolor="#00000000" bgcolor="#00000000" minvalue="0" midvalue="0" percents="false"/>
    <item name="maxphysicalresistance" type="34" text="mpr:" id="0x0000" hue="0x0000" mincolor="#00000001" midcolor="#00000001" color="#00000001" background="false" bgmincolor="#00000000" bgmidcolor="#00000000" bgcolor="#00000000" minvalue="0" midvalue="0" percents="false"/>
    <item name="maxfireresistance" type="35" text="mfr:" id="0x0000" hue="0x0000" mincolor="#00000001" midcolor="#00000001" color="#00000001" background="false" bgmincolor="#00000000" bgmidcolor="#00000000" bgcolor="#00000000" minvalue="0" midvalue="0" percents="false"/>
    <item name="maxcoldresistance" type="36" text="mcr:" id="0x0000" hue="0x0000" mincolor="#00000001" midcolor="#00000001" color="#00000001" background="false" bgmincolor="#00000000" bgmidcolor="#00000000" bgcolor="#00000000" minvalue="0" midvalue="0" percents="false"/>
    <item name="maxpoisonresistance" type="37" text="mpr:" id="0x0000" hue="0x0000" mincolor="#00000001" midcolor="#00000001" color="#00000001" background="false" bgmincolor="#00000000" bgmidcolor="#00000000" bgcolor="#00000000" minvalue="0" midvalue="0" percents="false"/>
    <item name="maxenergyresistance" type="38" text="mer:" id="0x0000" hue="0x0000" mincolor="#00000001" midcolor="#00000001" color="#00000001" background="false" bgmincolor="#00000000" bgmidcolor="#00000000" bgcolor="#00000000" minvalue="0" midvalue="0" percents="false"/>
    <item name="mindamage" type="39" text="dv:" id="0x0000" hue="0x0000" mincolor="#00000001" midcolor="#00000001" color="#00000001" background="false" bgmincolor="#00000000" bgmidcolor="#00000000" bgcolor="#00000000" minvalue="0" midvalue="0" percents="false"/>
    <item name="maxdamage" type="40" text="d^:" id="0x0000" hue="0x0000" mincolor="#00000001" midcolor="#00000001" color="#00000001" background="false" bgmincolor="#00000000" bgmidcolor="#00000000" bgcolor="#00000000" minvalue="0" midvalue="0" percents="false"/>
    <item name="defencechance" type="41" text="dc:" id="0x0000" hue="0x0000" mincolor="#00000001" midcolor="#00000001" color="#00000001" background="false" bgmincolor="#00000000" bgmidcolor="#00000000" bgcolor="#00000000" minvalue="0" midvalue="0" percents="false"/>
    <item name="maxdefencechance" type="42" text="mdc:" id="0x0000" hue="0x0000" mincolor="#00000001" midcolor="#00000001" color="#00000001" background="false" bgmincolor="#00000000" bgmidcolor="#00000000" bgcolor="#00000000" minvalue="0" midvalue="0" percents="false"/>
    <item name="attackchance" type="43" text="ac:" id="0x0000" hue="0x0000" mincolor="#00000001" midcolor="#00000001" color="#00000001" background="false" bgmincolor="#00000000" bgmidcolor="#00000000" bgcolor="#00000000" minvalue="0" midvalue="0" percents="false"/>
    <item name="weaponspeed" type="44" text="ws:" id="0x0000" hue="0x0000" mincolor="#00000001" midcolor="#00000001" color="#00000001" background="false" bgmincolor="#00000000" bgmidcolor="#00000000" bgcolor="#00000000" minvalue="0" midvalue="0" percents="false"/>
    <item name="weapondamage" type="45" text="wd:" id="0x0000" hue="0x0000" mincolor="#00000001" midcolor="#00000001" color="#00000001" background="false" bgmincolor="#00000000" bgmidcolor="#00000000" bgcolor="#00000000" minvalue="0" midvalue="0" percents="false"/>
    <item name="lowerreagentscost" type="46" text="lrc:" id="0x0000" hue="0x0000" mincolor="#00000001" midcolor="#00000001" color="#00000001" background="false" bgmincolor="#00000000" bgmidcolor="#00000000" bgcolor="#00000000" minvalue="0" midvalue="0" percents="false"/>
    <item name="spelldamage" type="47" text="sd:" id="0x0000" hue="0x0000" mincolor="#00000001" midcolor="#00000001" color="#00000001" background="false" bgmincolor="#00000000" bgmidcolor="#00000000" bgcolor="#00000000" minvalue="0" midvalue="0" percents="false"/>
    <item name="castrecovery" type="48" text="c.r:" id="0x0000" hue="0x0000" mincolor="#00000001" midcolor="#00000001" color="#00000001" background="false" bgmincolor="#00000000" bgmidcolor="#00000000" bgcolor="#00000000" minvalue="0" midvalue="0" percents="false"/>
    <item name="castspeed" type="49" text="cs:" id="0x0000" hue="0x0000" mincolor="#00000001" midcolor="#00000001" color="#00000001" background="false" bgmincolor="#00000000" bgmidcolor="#00000000" bgcolor="#00000000" minvalue="0" midvalue="0" percents="false"/>
    <item name="lowermanacost" type="50" text="lmc:" id="0x0000" hue="0x0000" mincolor="#00000001" midcolor="#00000001" color="#00000001" background="false" bgmincolor="#00000000" bgmidcolor="#00000000" bgcolor="#00000000" minvalue="0" midvalue="0" percents="false"/>
    <item name="x" type="23" text="x:" id="0x0000" hue="0x0000" mincolor="#00000001" midcolor="#00000001" color="#00000001" background="false" bgmincolor="#00000000" bgmidcolor="#00000000" bgcolor="#00000000" minvalue="0" midvalue="0" percents="false"/>
    <item name="y" type="24" text="y:" id="0x0000" hue="0x0000" mincolor="#00000001" midcolor="#00000001" color="#00000001" background="false" bgmincolor="#00000000" bgmidcolor="#00000000" bgcolor="#00000000" minvalue="0" midvalue="0" percents="false"/>
    <item name="z" type="25" text="z:" id="0x0000" hue="0x0000" mincolor="#00000001" midcolor="#00000001" color="#00000001" background="false" bgmincolor="#00000000" bgmidcolor="#00000000" bgcolor="#00000000" minvalue="0" midvalue="0" percents="false"/>
    <item name="bm" type="1000" text="bm:" id="0x0F7B" hue="0x0000" mincolor="#00FFFFFF" midcolor="#00000001" color="#00000001" background="true" bgmincolor="#0000007F" bgmidcolor="#0000FFFF" bgcolor="#00000000" minvalue="10" midvalue="20" percents="false"/>
    <item name="bp" type="1000" text="bp:" id="0x0F7A" hue="0x0000" mincolor="#00FFFFFF" midcolor="#00000001" color="#00000001" background="true" bgmincolor="#0000007F" bgmidcolor="#0000FFFF" bgcolor="#00000000" minvalue="10" midvalue="20" percents="false"/>
    <item name="ga" type="1000" text="ga:" id="0x0F84" hue="0x0000" mincolor="#00FFFFFF" midcolor="#00000001" color="#00000001" background="true" bgmincolor="#0000007F" bgmidcolor="#0000FFFF" bgcolor="#00000000" minvalue="10" midvalue="20" percents="false"/>
    <item name="gs" type="1000" text="gs:" id="0x0F85" hue="0x0000" mincolor="#00FFFFFF" midcolor="#00000001" color="#00000001" background="true" bgmincolor="#0000007F" bgmidcolor="#0000FFFF" bgcolor="#00000000" minvalue="10" midvalue="20" percents="false"/>
    <item name="mr" type="1000" text="mr:" id="0x0F86" hue="0x0000" mincolor="#00FFFFFF" midcolor="#00000001" color="#00000001" background="true" bgmincolor="#0000007F" bgmidcolor="#0000FFFF" bgcolor="#00000000" minvalue="10" midvalue="20" percents="false"/>
    <item name="ns" type="1000" text="ns:" id="0x0F88" hue="0x0000" mincolor="#00FFFFFF" midcolor="#00000001" color="#00000001" background="true" bgmincolor="#0000007F" bgmidcolor="#0000FFFF" bgcolor="#00000000" minvalue="10" midvalue="20" percents="false"/>
    <item name="sa" type="1000" text="sa:" id="0x0F8C" hue="0x0000" mincolor="#00FFFFFF" midcolor="#00000001" color="#00000001" background="true" bgmincolor="#0000007F" bgmidcolor="#0000FFFF" bgcolor="#00000000" minvalue="10" midvalue="20" percents="false"/>
    <item name="ss" type="1000" text="ss:" id="0x0F8D" hue="0x0000" mincolor="#00FFFFFF" midcolor="#00000001" color="#00000001" background="true" bgmincolor="#0000007F" bgmidcolor="#0000FFFF" bgcolor="#00000000" minvalue="10" midvalue="20" percents="false"/>
    <item name="en" type="1000" text="en:" id="0x0F87" hue="0x0000" mincolor="#00FFFFFF" midcolor="#00000001" color="#00000001" background="true" bgmincolor="#0000007F" bgmidcolor="#0000FFFF" bgcolor="#00000000" minvalue="10" midvalue="20" percents="false"/>
    <item name="bandage" type="1000" text="b:" id="0x0E21" hue="0x0000" mincolor="#00FFFFFF" midcolor="#00000001" color="#00000001" background="true" bgmincolor="#0000007F" bgmidcolor="#0000FFFF" bgcolor="#00000000" minvalue="10" midvalue="20" percents="false"/>
    <item name="tmr" type="1000" text="" id="0x0F09" hue="0x0003" mincolor="#00000001" midcolor="#00000001" color="#00000001" background="true" bgmincolor="#000000FF" bgmidcolor="#0000FFFF" bgcolor="#00000000" minvalue="0" midvalue="5" percents="false"/>
    <item name="gh" type="1000" text="" id="0x0F0C" hue="0x0000" mincolor="#00000001" midcolor="#00000001" color="#00000001" background="true" bgmincolor="#000000FF" bgmidcolor="#0000FFFF" bgcolor="#00000000" minvalue="0" midvalue="2" percents="false"/>
    <item name="tr" type="1000" text="" id="0x0F0B" hue="0x0000" mincolor="#00000001" midcolor="#00000001" color="#00000001" background="true" bgmincolor="#000000FF" bgmidcolor="#0000FFFF" bgcolor="#00000000" minvalue="0" midvalue="1" percents="false"/>
    <item name="gc" type="1000" text="" id="0x0F07" hue="0x0000" mincolor="#00000000" midcolor="#00000000" color="#00000000" background="true" bgmincolor="#000000FF" bgmidcolor="#0000FFFF" bgcolor="#00000000" minvalue="0" midvalue="1" percents="false"/>
    <item name="kvf" type="1000" text="" id="0x1F5F" hue="0x0000" mincolor="#00000000" midcolor="#00000000" color="#00000000" background="true" bgmincolor="#000000FF" bgmidcolor="#0000FFFF" bgcolor="#00000000" minvalue="1" midvalue="2" percents="false"/>
    <item name="pog" type="1000" text="" id="0x1F4A" hue="0x0000" mincolor="#00000000" midcolor="#00000000" color="#00000000" background="true" bgmincolor="#000000FF" bgmidcolor="#0000FFFF" bgcolor="#00000000" minvalue="3" midvalue="5" percents="false"/>
    <item name="para" type="1000" text="" id="0x1F52" hue="0x0000" mincolor="#00000000" midcolor="#00000000" color="#00000000" background="true" bgmincolor="#000000FF" bgmidcolor="#0000FFFF" bgcolor="#00000000" minvalue="1" midvalue="2" percents="false"/>
    <item name="ijs" type="1000" text="" id="0x1F50" hue="0x0000" mincolor="#00000000" midcolor="#00000000" color="#00000000" background="true" bgmincolor="#000000FF" bgmidcolor="#0000FFFF" bgcolor="#00000000" minvalue="1" midvalue="2" percents="false"/>
    <item name="lava" type="1000" text="" id="0x0F0D" hue="0x000E" mincolor="#00000000" midcolor="#00000000" color="#00000000" background="true" bgmincolor="#000000FF" bgmidcolor="#0000FFFF" bgcolor="#00000000" minvalue="0" midvalue="1" percents="false"/>
    <item name="grs" type="1000" text="" id="0x0F09" hue="0x0000" mincolor="#00000000" midcolor="#00000000" color="#00000000" background="true" bgmincolor="#000000FF" bgmidcolor="#0000FFFF" bgcolor="#00000000" minvalue="0" midvalue="1" percents="false"/>
    <item name="ef" type="1000" text="" id="0x1F5E" hue="0x0000" mincolor="#00000000" midcolor="#00000000" color="#00000000" background="true" bgmincolor="#000000FF" bgmidcolor="#0000FFFF" bgcolor="#00000000" minvalue="10" midvalue="20" percents="false"/>
    <item name="wos" type="1000" text="" id="0x1F44" hue="0x0000" mincolor="#00000000" midcolor="#00000000" color="#00000000" background="true" bgmincolor="#000000FF" bgmidcolor="#0000FFFF" bgcolor="#00000000" minvalue="10" midvalue="20" percents="false"/>
    <item name="teleport" type="1000" text="" id="0x1F42" hue="0x0000" mincolor="#00000000" midcolor="#00000000" color="#00000000" background="true" bgmincolor="#000000FF" bgmidcolor="#0000FFFF" bgcolor="#00000000" minvalue="5" midvalue="15" percents="false"/>
</data>
