<?xml version="1.0" encoding="UTF-8"?>
<data version="0" size="2">
    <findlist name="lootItems">
        <item graphic="0x0E76" color="0x049A" comment="pytel" count="0"/>
        <item graphic="0x0F0D" color="0x000E" comment="lavabomb" count="0"/>
        <item graphic="0x0F8D" color="0x0000" comment="SS" count="0"/>
        <item graphic="0x0F82" color="0x0000" comment="DRAGON BLOOD" count="0"/>
        <item graphic="0x0F7D" color="0x031D" comment="dark blood" count="0"/>
        <item graphic="0x1078" color="0x0615" comment="dark hide" count="0"/>
        <item graphic="0x0F87" color="0x0000" comment="eony" count="0"/>
        <item graphic="0x0E80" color="0x0123" comment="bednicka" count="0"/>
        <item graphic="0x0E34" color="0x0000" comment="blanky" count="0"/>
        <item graphic="0x09B5" color="0xFFFF" comment="vejce" count="0"/>
    </findlist>
</data>
