<?xml version="1.0" encoding="UTF-8"?>
<data>
    <profile serial="0x00016057" file="Necro"/>
    <profile serial="0x00064614" file="FIRE_harv"/>
    <profile serial="0x00071687" file="Necro"/>
    <profile serial="0x0013CD96" file="Craft"/>
    <profile serial="0x00160F84" file="Brujah"/>
    <profile serial="0x002080DE" file="pkDestro"/>
    <profile serial="0x0021438B" file="PkMAGE"/>
    <profile serial="0x0024C51D" file="Mage"/>
    <profile serial="0x0026EDD2" file="Craft"/>
    <profile serial="0x002768A4" file="Default_mleeko"/>
    <profile serial="0x0028870C" file="Necro"/>
    <profile serial="0x002E89A5" file="Default_mleeko"/>
    <profile serial="0x0030F58E" file="Destro"/>
    <profile serial="0x0035DC0E" file="Teuton"/>
    <profile serial="0x0036A2FE" file="Necro"/>
    <profile serial="0x0036D405" file="Clerik"/>
    <profile serial="0x0037A8AE" file="Ostro"/>
    <profile serial="0x003851DD" file="Destro"/>
    <profile serial="0x003ADA9A" file="Teuton_fin"/>
    <profile serial="0x003B0E6A" file="kocka"/>
    <profile serial="0x003B69C4" file="kocka"/>
</data>
