<?xml version="1.0" encoding="UTF-8"?>
<data version="0">
    <property name="PropertiesCount"/>
    <property name="Balanced"/>
    <property name="Cold Resist"/>
    <property name="Damage Increase"/>
    <property name="Defense Chance Increase"/>
    <property name="Dexterity Bonus"/>
    <property name="Energy Resist"/>
    <property name="Faster Cast Recovery"/>
    <property name="Enhance Potion"/>
    <property name="Energy Damage"/>
    <property name="Poison Damage"/>
    <property name="Fire Damage"/>
    <property name="Cold Damage"/>
    <property name="Physical Damage"/>
    <property name="Faster Casting"/>
    <property name="Gold Increase"/>
    <property name="Fire Resist"/>
    <property name="Hit Chance Increase"/>
    <property name="Hit Energy Area"/>
    <property name="Hit Dispel"/>
    <property name="Hit Cold Area"/>
    <property name="Hit Fire Area"/>
    <property name="Hit Fireball"/>
    <property name="Hit Life Leech"/>
    <property name="Hit Point Increase"/>
    <property name="Hit Point Regeneration"/>
    <property name="Hit Stamina Leech"/>
    <property name="Hit Poison Area"/>
    <property name="Hit Physical Area"/>
    <property name="Hit Mana Leech"/>
    <property name="Hit Magic Arrow"/>
    <property name="Hit Lower Defense"/>
    <property name="Hit Lower Attack"/>
    <property name="Hit Lightning"/>
    <property name="Hit Harm"/>
    <property name="Intelligence Bonus"/>
    <property name="Lower Mana Cost"/>
    <property name="Lower Reagent Cost"/>
    <property name="Lower Requirements"/>
    <property name="Luck"/>
    <property name="Mana Increase"/>
    <property name="Mana Regeneration"/>
    <property name="Physical Resist"/>
    <property name="Poison Resist"/>
    <property name="Night Sight"/>
    <property name="Spell Channeling"/>
    <property name="Spell Damage Increase"/>
    <property name="Splintering Weapon"/>
    <property name="Stamina Increase"/>
    <property name="Stamina Regeneration"/>
    <property name="Swing Speed Increase"/>
    <property name="Velocity"/>
    <property name="Self Repair"/>
    <property name="Reflect Physical Damage"/>
    <property name="Mage Armor"/>
    <property name="Strength Bonus"/>
    <property name="Water Elemental Slayer"/>
    <property name="Troll Slayer"/>
    <property name="Undead Slayer"/>
    <property name="Terathan Slayer"/>
    <property name="Spider Slayer"/>
    <property name="Snow Elemental Slayer"/>
    <property name="Snake Slayer"/>
    <property name="Scorpion Slayer"/>
    <property name="Reptile Slayer"/>
    <property name="Repond Slayer"/>
    <property name="Poison Elemental Slayer"/>
    <property name="Orc Slayer"/>
    <property name="Ophidian Slayer"/>
    <property name="Ogre Slayer"/>
    <property name="Lizardman Slayer"/>
    <property name="Gargoyle Slayer"/>
    <property name="Fire Elemental Slayer"/>
    <property name="Elemental Slayer"/>
    <property name="Earth Elemental Slayer"/>
    <property name="Dragon Slayer"/>
    <property name="Demon Slayer"/>
    <property name="Blood Elemental Slayer"/>
    <property name="Arachnid Slayer"/>
    <property name="Air Elemental Slayer"/>
    <property name="Magic Arrow Charges"/>
    <property name="Lightning Charges"/>
    <property name="Healing Charges"/>
    <property name="Harm Charges"/>
    <property name="Greater Healing Charges"/>
    <property name="Fireball Charges"/>
    <property name="Minor Magic Item"/>
    <property name="Lesser Magic Item"/>
    <property name="Greater Magic Item"/>
    <property name="Major Magic Item"/>
    <property name="Lesser Artifact"/>
    <property name="Greater Artifact"/>
    <property name="Major Artifact"/>
    <property name="Legendary Artifact"/>
    <ignored_property name="Physical Damage"/>
    <ignored_property name="Fire Damage"/>
    <ignored_property name="Poison Damage"/>
    <ignored_property name="Cold Damage"/>
    <ignored_property name="Energy Damage"/>
    <ignored_property name="Chaos Damage"/>
    <ignored_property name="Physical Resist"/>
    <ignored_property name="Fire Resist"/>
    <ignored_property name="Poison Resist"/>
    <ignored_property name="Cold Resist"/>
    <ignored_property name="Energy Resist"/>
    <ignored_property name="Magic Item"/>
    <ignored_property name="Artifact"/>
    <ignored_property name="Charges"/>
    <ignored_property name="Mage Armor"/>
</data>
