<?xml version="1.0" encoding="UTF-8"?>
<data version="2">
    <hotkey type="3" action="1" key="192" modifiers="8" override_pass_key_to_client="0" meta="{&#10;    &quot;external_code&quot;: &quot;// -                                Kal Nox Mani (target)\ncastNecroScroll('kalnox');&quot;,&#10;    &quot;name&quot;: &quot;&quot;,&#10;    &quot;run_once&quot;: 0&#10;}&#10;"/>
    <hotkey type="3" action="1" key="192" modifiers="0" override_pass_key_to_client="0" meta="{&#10;    &quot;external_code&quot;: &quot;// -                                ATTACK LAST\nattackLast();&quot;,&#10;    &quot;name&quot;: &quot;&quot;,&#10;    &quot;run_once&quot;: 0&#10;}&#10;"/>
    <hotkey type="3" action="1" key="192" modifiers="2" override_pass_key_to_client="0" meta="{&#10;    &quot;external_code&quot;: &quot;// -                                Summon (lze prepinat na jine klavese)\nvar DEFAULT_SUMMON = 'Death Vortex';\n// var DEFAULT_SUMMON = 'Magic Drake';\n\nvar currentSummon = Shared.GetVar('currentSummon', DEFAULT_SUMMON);\nsummon(currentSummon);&quot;,&#10;    &quot;name&quot;: &quot;&quot;,&#10;    &quot;run_once&quot;: 0&#10;}&#10;"/>
    <hotkey type="3" action="1" key="192" modifiers="4" override_pass_key_to_client="0" meta="{&#10;    &quot;external_code&quot;: &quot;// -                                Kal Nox Mani (self)\ncastNecroScroll('kalnox', 'self');&quot;,&#10;    &quot;name&quot;: &quot;&quot;,&#10;    &quot;run_once&quot;: 0&#10;}&#10;"/>
    <hotkey type="3" action="1" key="20" modifiers="2" override_pass_key_to_client="0" meta="{&#10;    &quot;external_code&quot;: &quot;// -                                Pavuciny - zniceni okolo sebe\nwebDestroyer();&quot;,&#10;    &quot;name&quot;: &quot;&quot;,&#10;    &quot;run_once&quot;: 0&#10;}&#10;"/>
    <hotkey type="3" action="1" key="39" modifiers="24" override_pass_key_to_client="0" meta="{&#10;    &quot;external_code&quot;: &quot;// -                                Loď - right\nOrion.Say('Right');&quot;,&#10;    &quot;name&quot;: &quot;&quot;,&#10;    &quot;run_once&quot;: 0&#10;}&#10;"/>
    <hotkey type="3" action="1" key="38" modifiers="24" override_pass_key_to_client="0" meta="{&#10;    &quot;external_code&quot;: &quot;// -                                Loď - forward\nOrion.Say('Forward');&quot;,&#10;    &quot;name&quot;: &quot;&quot;,&#10;    &quot;run_once&quot;: 0&#10;}&#10;"/>
    <hotkey type="3" action="1" key="37" modifiers="24" override_pass_key_to_client="0" meta="{&#10;    &quot;external_code&quot;: &quot;// -                                Loď - left\nOrion.Say('Left');&quot;,&#10;    &quot;name&quot;: &quot;&quot;,&#10;    &quot;run_once&quot;: 0&#10;}&#10;"/>
    <hotkey type="3" action="1" key="9" modifiers="8" override_pass_key_to_client="0" meta="{&#10;    &quot;external_code&quot;: &quot;// -                                WEAPON switch\nswitchWeapon(); // prepina zbrane v hlavnim baglu&quot;,&#10;    &quot;name&quot;: &quot;&quot;,&#10;    &quot;run_once&quot;: 0&#10;}&#10;"/>
    <hotkey type="3" action="1" key="40" modifiers="24" override_pass_key_to_client="0" meta="{&#10;    &quot;external_code&quot;: &quot;// -                                Loď - back\nOrion.Say('Back');&quot;,&#10;    &quot;name&quot;: &quot;&quot;,&#10;    &quot;run_once&quot;: 0&#10;}&#10;"/>
    <hotkey type="3" action="1" key="1" modifiers="1" override_pass_key_to_client="0" meta="{&#10;    &quot;external_code&quot;: &quot;// -                                Rezani mrtvolek\ncarveBody(true); // rizne nejblizsi mrtvolu v dosahu, jinak vyhodi tercik\ncarveBody(); // vyhodi vzdy tercik na rezani&quot;,&#10;    &quot;name&quot;: &quot;&quot;,&#10;    &quot;run_once&quot;: 0&#10;}&#10;"/>
    <hotkey type="3" action="1" key="35" modifiers="16" override_pass_key_to_client="0" meta="{&#10;    &quot;external_code&quot;: &quot;// -                                Regy - presun\nmoveRegs();&quot;,&#10;    &quot;name&quot;: &quot;&quot;,&#10;    &quot;run_once&quot;: 0&#10;}&#10;"/>
    <hotkey type="3" action="1" key="34" modifiers="16" override_pass_key_to_client="0" meta="{&#10;    &quot;external_code&quot;: &quot;// -                                Mass move\nScripts.Utils.playerPrint('[ Mass Move ]');\nmm();&quot;,&#10;    &quot;name&quot;: &quot;&quot;,&#10;    &quot;run_once&quot;: 0&#10;}&#10;"/>
    <hotkey type="3" action="1" key="33" modifiers="16" override_pass_key_to_client="0" meta="{&#10;    &quot;external_code&quot;: &quot;// -                                Mass move (respektuje barvu)\nScripts.Utils.playerPrint('[ Mass Move color ]');\nmmc();&quot;,&#10;    &quot;name&quot;: &quot;&quot;,&#10;    &quot;run_once&quot;: 0&#10;}&#10;"/>
    <hotkey type="3" action="1" key="40" modifiers="20" override_pass_key_to_client="0" meta="{&#10;    &quot;external_code&quot;: &quot;// -                                Loď - drop\nOrion.Say('Drop anchor');&quot;,&#10;    &quot;name&quot;: &quot;&quot;,&#10;    &quot;run_once&quot;: 0&#10;}&#10;"/>
    <hotkey type="3" action="1" key="36" modifiers="16" override_pass_key_to_client="0" meta="{&#10;    &quot;external_code&quot;: &quot;// -                                NB Runa (kopnuti)\nnbRune();&quot;,&#10;    &quot;name&quot;: &quot;&quot;,&#10;    &quot;run_once&quot;: 0&#10;}&#10;"/>
    <hotkey type="3" action="1" key="39" modifiers="20" override_pass_key_to_client="0" meta="{&#10;    &quot;external_code&quot;: &quot;// -                                Loď - turn right\nOrion.Say('Turn right');&quot;,&#10;    &quot;name&quot;: &quot;&quot;,&#10;    &quot;run_once&quot;: 0&#10;}&#10;"/>
    <hotkey type="3" action="1" key="46" modifiers="16" override_pass_key_to_client="0" meta="{&#10;    &quot;external_code&quot;: &quot;// -                                UKLID baglu\n\nScripts.Utils.playerPrint('[ uklid ]');\nsortBackpackCaleb(); // zaklad od Caleba\n\nScripts.Clean.cleanObjectInBag({graphic: '0x1012', color: '0x0003', bag: {x: 20, y: 15}}, 'bezpecny klic');\nOrion.Wait(500);\nScripts.Clean.cleanObjectInBag({graphic: '0x0E9B', color: '0xFFFF', bag: {x: 12, y: 40}}, 'mortar');\nOrion.Wait(500);\nScripts.Clean.cleanObjectInBag({graphic: '0x10E4', color: '0x0B80', bag: {x: 12, y: 55}}, 'myst. dagger');\nOrion.Wait(500);\n// atd atd porad dokola pridavate veci co chcete rovnat v baglu\n\nScripts.Utils.playerPrint('[ uklid dokoncen ]');&quot;,&#10;    &quot;name&quot;: &quot;&quot;,&#10;    &quot;run_once&quot;: 0&#10;}&#10;"/>
    <hotkey type="3" action="1" key="38" modifiers="20" override_pass_key_to_client="0" meta="{&#10;    &quot;external_code&quot;: &quot;// -                                Loď - raise\nOrion.Say('Raise anchor');&quot;,&#10;    &quot;name&quot;: &quot;&quot;,&#10;    &quot;run_once&quot;: 0&#10;}&#10;"/>
    <hotkey type="3" action="1" key="45" modifiers="16" override_pass_key_to_client="0" meta="{&#10;    &quot;external_code&quot;: &quot;// -                                Otevreni bezpecne truhly\nopenContainer();&quot;,&#10;    &quot;name&quot;: &quot;&quot;,&#10;    &quot;run_once&quot;: 0&#10;}&#10;"/>
    <hotkey type="3" action="1" key="37" modifiers="20" override_pass_key_to_client="0" meta="{&#10;    &quot;external_code&quot;: &quot;// -                                Loď - turn left\nOrion.Say('Turn left');&quot;,&#10;    &quot;name&quot;: &quot;&quot;,&#10;    &quot;run_once&quot;: 0&#10;}&#10;"/>
    <hotkey type="3" action="1" key="51" modifiers="0" override_pass_key_to_client="0" meta="{&#10;    &quot;external_code&quot;: &quot;// -                                PCW (lastattack) PVP\ncast('Mind Blast', 'lastattack');&quot;,&#10;    &quot;name&quot;: &quot;&quot;,&#10;    &quot;run_once&quot;: 0&#10;}&#10;"/>
    <hotkey type="3" action="1" key="50" modifiers="0" override_pass_key_to_client="0" meta="{&#10;    &quot;external_code&quot;: &quot;// -                                Des Mani (lastattack) PVP\ncast('Weaken', 'lastattack');&quot;,&#10;    &quot;name&quot;: &quot;&quot;,&#10;    &quot;run_once&quot;: 0&#10;}&#10;"/>
    <hotkey type="3" action="1" key="49" modifiers="0" override_pass_key_to_client="0" meta="{&#10;    &quot;external_code&quot;: &quot;// -                                sipka (lastattack) PVP\ncast('Magic Arrow', 'lastattack');&quot;,&#10;    &quot;name&quot;: &quot;&quot;,&#10;    &quot;run_once&quot;: 0&#10;}&#10;"/>
    <hotkey type="3" action="1" key="52" modifiers="2" override_pass_key_to_client="0" meta="{&#10;    &quot;external_code&quot;: &quot;// -                                ALL GO\nmobGo(); // Vola \&quot;all go\&quot;, pripadne go pro konkretniho peta jehoz zalozka byla pred zavolanim vytazena&quot;,&#10;    &quot;name&quot;: &quot;&quot;,&#10;    &quot;run_once&quot;: 0&#10;}&#10;"/>
    <hotkey type="3" action="1" key="51" modifiers="2" override_pass_key_to_client="0" meta="{&#10;    &quot;external_code&quot;: &quot;// -                                ALL COME\nmobCome(); // vola \&quot;all come\&quot; - navic resetuje target mobkill&quot;,&#10;    &quot;name&quot;: &quot;&quot;,&#10;    &quot;run_once&quot;: 0&#10;}&#10;"/>
    <hotkey type="3" action="1" key="55" modifiers="0" override_pass_key_to_client="0" meta="{&#10;    &quot;external_code&quot;: &quot;// -                                Explosion (bez targetu)\nScripts.Utils.playerPrint('[ Explosion ]');\ncast('Explosion');&quot;,&#10;    &quot;name&quot;: &quot;&quot;,&#10;    &quot;run_once&quot;: 0&#10;}&#10;"/>
    <hotkey type="3" action="1" key="50" modifiers="2" override_pass_key_to_client="0" meta="{&#10;    &quot;external_code&quot;: &quot;// -                                ALL STOP\nmobStop(); // vola \&quot;all stop\&quot; - navic resetuje target mobkill&quot;,&#10;    &quot;name&quot;: &quot;&quot;,&#10;    &quot;run_once&quot;: 0&#10;}&#10;"/>
    <hotkey type="3" action="1" key="54" modifiers="0" override_pass_key_to_client="0" meta="{&#10;    &quot;external_code&quot;: &quot;// -                                VDS / Mass Curse (bez targetu)\nScripts.Utils.playerPrint('[ Mass Curse ]');\ncast('Mass Curse');&quot;,&#10;    &quot;name&quot;: &quot;&quot;,&#10;    &quot;run_once&quot;: 0&#10;}&#10;"/>
    <hotkey type="3" action="1" key="49" modifiers="2" override_pass_key_to_client="0" meta="{&#10;    &quot;external_code&quot;: &quot;// -                                ALL KILL (lastattack)\nmobKillAll('lastattack');\n// mobKill('lastattack'); // postupne volani po jednom&quot;,&#10;    &quot;name&quot;: &quot;KillWatcher&quot;,&#10;    &quot;run_once&quot;: 0&#10;}&#10;"/>
    <hotkey type="3" action="1" key="53" modifiers="0" override_pass_key_to_client="0" meta="{&#10;    &quot;external_code&quot;: &quot;// -                                Poison Field (lastattack) PVP\ncast('Poison Field', 'lastattack');&quot;,&#10;    &quot;name&quot;: &quot;&quot;,&#10;    &quot;run_once&quot;: 0&#10;}&#10;"/>
    <hotkey type="3" action="1" key="52" modifiers="0" override_pass_key_to_client="0" meta="{&#10;    &quot;external_code&quot;: &quot;// -                                Haluze (lastattack) PVP\ncastNecroScroll('haluze', 'lastattack');&quot;,&#10;    &quot;name&quot;: &quot;&quot;,&#10;    &quot;run_once&quot;: 0&#10;}&#10;"/>
    <hotkey type="0" action="1" key="51" modifiers="4" override_pass_key_to_client="0" meta="{&#10;    &quot;do_not_interrupt&quot;: 0,&#10;    &quot;name&quot;: &quot;Z3&quot;&#10;}&#10;"/>
    <hotkey type="0" action="1" key="50" modifiers="4" override_pass_key_to_client="0" meta="{&#10;    &quot;do_not_interrupt&quot;: 0,&#10;    &quot;name&quot;: &quot;z2&quot;&#10;}&#10;"/>
    <hotkey type="0" action="1" key="49" modifiers="4" override_pass_key_to_client="0" meta="{&#10;    &quot;can_be_looped&quot;: 0,&#10;    &quot;do_not_interrupt&quot;: 0,&#10;    &quot;name&quot;: &quot;z1&quot;&#10;}&#10;"/>
    <hotkey type="3" action="1" key="56" modifiers="0" override_pass_key_to_client="0" meta="{&#10;    &quot;external_code&quot;: &quot;// -                                Reveal (bez targetu)\nScripts.Utils.playerPrint('[ Reveal ]');\ncast('Reveal')&quot;,&#10;    &quot;name&quot;: &quot;&quot;,&#10;    &quot;run_once&quot;: 0&#10;}&#10;"/>
    <hotkey type="0" action="1" key="52" modifiers="4" override_pass_key_to_client="0" meta="{&#10;    &quot;do_not_interrupt&quot;: 0,&#10;    &quot;name&quot;: &quot;oblek&quot;&#10;}&#10;"/>
    <hotkey type="3" action="1" key="51" modifiers="8" override_pass_key_to_client="0" meta="{&#10;    &quot;external_code&quot;: &quot;// -                                WEAPON 3\nequipSlotWeapon('weapon3', undefined, { add: true });&quot;,&#10;    &quot;name&quot;: &quot;&quot;,&#10;    &quot;run_once&quot;: 0&#10;}&#10;"/>
    <hotkey type="3" action="1" key="50" modifiers="8" override_pass_key_to_client="0" meta="{&#10;    &quot;external_code&quot;: &quot;// -                                WEAPON 2\nequipSlotWeapon('weapon2', undefined, { add: true });&quot;,&#10;    &quot;name&quot;: &quot;&quot;,&#10;    &quot;run_once&quot;: 0&#10;}&#10;"/>
    <hotkey type="3" action="1" key="49" modifiers="8" override_pass_key_to_client="0" meta="{&#10;    &quot;external_code&quot;: &quot;// -                                WEAPON 1\nequipSlotWeapon('weapon1', undefined, { add: true });&quot;,&#10;    &quot;name&quot;: &quot;&quot;,&#10;    &quot;run_once&quot;: 0&#10;}&#10;"/>
    <hotkey type="3" action="1" key="32" modifiers="0" override_pass_key_to_client="0" meta="{&#10;    &quot;external_code&quot;: &quot;// -                                JEZDITKO\nmount(); // sesedne / nasedne / vyhodi jezditko z baglu a nasedne&quot;,&#10;    &quot;name&quot;: &quot;MountAndDismount&quot;,&#10;    &quot;run_once&quot;: 0&#10;}&#10;"/>
    <hotkey type="3" action="1" key="53" modifiers="8" override_pass_key_to_client="0" meta="{&#10;    &quot;external_code&quot;: &quot;// -                                WEAPON poison\nequipSlotWeapon('weaponPois', { color: '0x08A1'  }, { recuseSearch: true  });&quot;,&#10;    &quot;name&quot;: &quot;&quot;,&#10;    &quot;run_once&quot;: 0&#10;}&#10;"/>
    <hotkey type="3" action="1" key="52" modifiers="8" override_pass_key_to_client="0" meta="{&#10;    &quot;external_code&quot;: &quot;// -                                DISARM (WEAPON + STIT)\nvar zbran = Orion.ObjAtLayer(1);\nvar stit = Orion.ObjAtLayer(2);\nzbran &amp;&amp; Orion.MoveItem(zbran.Serial());\nstit &amp;&amp; Orion.MoveItem(stit.Serial());\n\n// Orion.Disarm(); // nebo muzete pouzit klasicky DISARM&quot;,&#10;    &quot;name&quot;: &quot;&quot;,&#10;    &quot;run_once&quot;: 0&#10;}&#10;"/>
    <hotkey type="3" action="1" key="67" modifiers="8" override_pass_key_to_client="0" meta="{&#10;    &quot;external_code&quot;: &quot;// -                                cepnuti ( GC )\nfillPotion('gc');&quot;,&#10;    &quot;name&quot;: &quot;&quot;,&#10;    &quot;run_once&quot;: 0&#10;}&#10;"/>
    <hotkey type="3" action="1" key="87" modifiers="2" override_pass_key_to_client="0" meta="{&#10;    &quot;external_code&quot;: &quot;// -                                BANDAGESELF\nbandageSelf(10); // ukaze nad hracem varovani pokud ma mene nez 10 band&quot;,&#10;    &quot;name&quot;: &quot;&quot;,&#10;    &quot;run_once&quot;: 0&#10;}&#10;"/>
    <hotkey type="3" action="1" key="83" modifiers="0" override_pass_key_to_client="0" meta="{&#10;    &quot;external_code&quot;: &quot;// -                                Para (svitek - lastattack) PVP\ncastScroll('para', 'lastattack');\n//castScroll('para', 'lastattack', 'Paralyze'); // kouzli paru z hlavy, pokud neni timer na svitek\n&quot;,&#10;    &quot;name&quot;: &quot;&quot;,&#10;    &quot;run_once&quot;: 0&#10;}&#10;"/>
    <hotkey type="3" action="1" key="66" modifiers="8" override_pass_key_to_client="0" meta="{&#10;    &quot;external_code&quot;: &quot;// -                                cepnuti ( Shrink )\nfillPotion('shrink');&quot;,&#10;    &quot;name&quot;: &quot;&quot;,&#10;    &quot;run_once&quot;: 0&#10;}&#10;"/>
    <hotkey type="3" action="1" key="86" modifiers="2" override_pass_key_to_client="0" meta="{&#10;    &quot;external_code&quot;: &quot;// -                                Energy Field (svitek)\nef(false, true); // ukazuje priblizny timer na zdi\n// castScroll('ef'); // verze bez timeru&quot;,&#10;    &quot;name&quot;: &quot;&quot;,&#10;    &quot;run_once&quot;: 0&#10;}&#10;"/>
    <hotkey type="3" action="1" key="82" modifiers="0" override_pass_key_to_client="0" meta="{&#10;    &quot;external_code&quot;: &quot;// -                                POG (hlava - lastattack) PVP\ncast('Lightning', 'lastattack');&quot;,&#10;    &quot;name&quot;: &quot;&quot;,&#10;    &quot;run_once&quot;: 0&#10;}&#10;"/>
    <hotkey type="3" action="1" key="69" modifiers="10" override_pass_key_to_client="0" meta="{&#10;    &quot;external_code&quot;: &quot;// -                                Michnuti ( GH )\nmix('gh');&quot;,&#10;    &quot;name&quot;: &quot;&quot;,&#10;    &quot;run_once&quot;: 0&#10;}&#10;"/>
    <hotkey type="3" action="1" key="81" modifiers="0" override_pass_key_to_client="0" meta="{&#10;    &quot;external_code&quot;: &quot;// -                                Harm (lastattack) PVP\ncast('Harm', 'lastattack');&quot;,&#10;    &quot;name&quot;: &quot;&quot;,&#10;    &quot;run_once&quot;: 0&#10;}&#10;"/>
    <hotkey type="3" action="1" key="89" modifiers="4" override_pass_key_to_client="0" meta="{&#10;    &quot;external_code&quot;: &quot;// -                                Resurrection (svitek);\ncastScroll('ress');&quot;,&#10;    &quot;name&quot;: &quot;&quot;,&#10;    &quot;run_once&quot;: 0&#10;}&#10;"/>
    <hotkey type="3" action="1" key="84" modifiers="2" override_pass_key_to_client="0" meta="{&#10;    &quot;external_code&quot;: &quot;// -                                piti ( GS )\ndrink('gs');&quot;,&#10;    &quot;name&quot;: &quot;&quot;,&#10;    &quot;run_once&quot;: 0&#10;}&#10;"/>
    <hotkey type="3" action="1" key="67" modifiers="10" override_pass_key_to_client="0" meta="{&#10;    &quot;external_code&quot;: &quot;// -                                Michnuti ( GC )\nmix('gc');&quot;,&#10;    &quot;name&quot;: &quot;&quot;,&#10;    &quot;run_once&quot;: 0&#10;}&#10;"/>
    <hotkey type="3" action="1" key="83" modifiers="2" override_pass_key_to_client="0" meta="{&#10;    &quot;external_code&quot;: &quot;// -                                piti ( TMR )\ndrink('tmr');&quot;,&#10;    &quot;name&quot;: &quot;&quot;,&#10;    &quot;run_once&quot;: 0&#10;}&#10;"/>
    <hotkey type="3" action="1" key="87" modifiers="0" override_pass_key_to_client="0" meta="{&#10;    &quot;external_code&quot;: &quot;// -                                VFP (lastattack) PVP\ncastNecroScroll('vfp', 'lastattack');&quot;,&#10;    &quot;name&quot;: &quot;drink GH&quot;,&#10;    &quot;run_once&quot;: 0&#10;}&#10;"/>
    <hotkey type="3" action="1" key="82" modifiers="2" override_pass_key_to_client="0" meta="{&#10;    &quot;external_code&quot;: &quot;// -                                piti ( TR )\ndrink('tr');&quot;,&#10;    &quot;name&quot;: &quot;drink TR&quot;,&#10;    &quot;run_once&quot;: 0&#10;}&#10;"/>
    <hotkey type="3" action="1" key="86" modifiers="0" override_pass_key_to_client="0" meta="{&#10;    &quot;external_code&quot;: &quot;// -                                Energy Field (hlava)\nef(false, false);  // ukazuje priblizny timer na zdi\n//cast(\&quot;Energy field\&quot;);  // verze bez timeru&quot;,&#10;    &quot;name&quot;: &quot;&quot;,&#10;    &quot;run_once&quot;: 0&#10;}&#10;"/>
    <hotkey type="3" action="1" key="69" modifiers="8" override_pass_key_to_client="0" meta="{&#10;    &quot;external_code&quot;: &quot;// -                                cepnuti ( GH / GB )\nfillPotion('gh');\n//fillPotion('gb'); &quot;,&#10;    &quot;name&quot;: &quot;&quot;,&#10;    &quot;run_once&quot;: 0&#10;}&#10;"/>
    <hotkey type="3" action="1" key="81" modifiers="2" override_pass_key_to_client="0" meta="{&#10;    &quot;external_code&quot;: &quot;// -                                Lavabomba - hozeni\nlavaBomb();&quot;,&#10;    &quot;name&quot;: &quot;&quot;,&#10;    &quot;run_once&quot;: 0&#10;}&#10;"/>
    <hotkey type="3" action="1" key="84" modifiers="0" override_pass_key_to_client="0" meta="{&#10;    &quot;external_code&quot;: &quot;// -                                Teleport (hlava)\ncast('Teleport');&quot;,&#10;    &quot;name&quot;: &quot;&quot;,&#10;    &quot;run_once&quot;: 0&#10;}&#10;"/>
    <hotkey type="3" action="1" key="83" modifiers="4" override_pass_key_to_client="0" meta="{&#10;    &quot;external_code&quot;: &quot;// -                                Sipka (self)\ncast('Magic Arrow', 'self');&quot;,&#10;    &quot;name&quot;: &quot;sipka self&quot;,&#10;    &quot;run_once&quot;: 0&#10;}&#10;"/>
    <hotkey type="3" action="1" key="86" modifiers="6" override_pass_key_to_client="0" meta="{&#10;    &quot;external_code&quot;: &quot;// -                                Energy Field - mount (sesedne a zakouzli z hlavy na sve jezditko)\nefMount();&quot;,&#10;    &quot;name&quot;: &quot;&quot;,&#10;    &quot;run_once&quot;: 0&#10;}&#10;"/>
    <hotkey type="3" action="1" key="90" modifiers="0" override_pass_key_to_client="0" meta="{&#10;    &quot;external_code&quot;: &quot;// -                                IJS (hlava - self)\ncast('Magic Reflection', 'self');&quot;,&#10;    &quot;name&quot;: &quot;&quot;,&#10;    &quot;run_once&quot;: 0&#10;}&#10;"/>
    <hotkey type="3" action="1" key="73" modifiers="8" override_pass_key_to_client="0" meta="{&#10;    &quot;external_code&quot;: &quot;// -                                INSCRIPTION\n//inscription(8, 'Resurrection');\ninscription(7, 'Energy Field');\n//inscription(8, 'Resurrection');\n//inscription(4, 'Recall');\n//inscription(4, 'Lightning');\n//inscription(3, 'Teleport');&quot;,&#10;    &quot;name&quot;: &quot;&quot;,&#10;    &quot;run_once&quot;: 0&#10;}&#10;"/>
    <hotkey type="3" action="1" key="89" modifiers="0" override_pass_key_to_client="0" meta="{&#10;    &quot;external_code&quot;: &quot;// -                                Resurrection (hlava)\ncast('Resurrection');&quot;,&#10;    &quot;name&quot;: &quot;&quot;,&#10;    &quot;run_once&quot;: 0&#10;}&#10;"/>
    <hotkey type="3" action="1" key="76" modifiers="10" override_pass_key_to_client="0" meta="{&#10;    &quot;external_code&quot;: &quot;// -                                Michnuti ( Shrink )\nmix('shrink');&quot;,&#10;    &quot;name&quot;: &quot;&quot;,&#10;    &quot;run_once&quot;: 0&#10;}&#10;"/>
    <hotkey type="3" action="1" key="88" modifiers="0" override_pass_key_to_client="0" meta="{&#10;    &quot;external_code&quot;: &quot;// -                                IJS (svitek - self, hlava kdyz neni timer) PVP\ncastScroll('ijs', 'self', 'Magic Reflection');&quot;,&#10;    &quot;name&quot;: &quot;&quot;,&#10;    &quot;run_once&quot;: 0&#10;}&#10;"/>
    <hotkey type="3" action="1" key="83" modifiers="6" override_pass_key_to_client="0" meta="{&#10;    &quot;external_code&quot;: &quot;// -                                Necromancer Mystik\nnecroMystic();&quot;,&#10;    &quot;name&quot;: &quot;&quot;,&#10;    &quot;run_once&quot;: 0&#10;}&#10;"/>
    <hotkey type="3" action="1" key="90" modifiers="2" override_pass_key_to_client="0" meta="{&#10;    &quot;external_code&quot;: &quot;// -                                LOOT\n\n// Lotuje vse (krome hracu) v dosahu. Vyzaduje dalsi nastaveni Objects a Find v Orion assistantovi v zalozce Lists\n// 1. rezani - vyzaduje nastavit cutWeapon na zbran kterou chcete rezat (Orion assistant - Lists / Objects) pripadne zavolat _addCutWeapon ve hre pro nastaveni\n// 2. specialni itemy - seznam dalsich veci ktere chcete z mrtvolky vybrat (Orion assistant - Lists / Find / lootItems)\n\nloot(); // reze tela monster (zjistuje podle toho zda je v mrtvole loot pytel)\n// loot(false); // bez rezani tel&quot;,&#10;    &quot;name&quot;: &quot;&quot;,&#10;    &quot;run_once&quot;: 0&#10;}&#10;"/>
    <hotkey type="3" action="1" key="66" modifiers="14" override_pass_key_to_client="0" meta="{&#10;    &quot;external_code&quot;: &quot;// -                                michnuti ( Shrink )\nmix('shrink');&quot;,&#10;    &quot;name&quot;: &quot;&quot;,&#10;    &quot;run_once&quot;: 0&#10;}&#10;"/>
    <hotkey type="3" action="1" key="86" modifiers="4" override_pass_key_to_client="0" meta="{&#10;    &quot;external_code&quot;: &quot;// -                                Energy Field (hlava na sebe)\nef(true);  // ukazuje priblizny timer na zdi\n//cast('Energy field', 'self');  // verze bez timeru&quot;,&#10;    &quot;name&quot;: &quot;&quot;,&#10;    &quot;run_once&quot;: 0&#10;}&#10;"/>
    <hotkey type="3" action="1" key="88" modifiers="2" override_pass_key_to_client="0" meta="{&#10;    &quot;external_code&quot;: &quot;// -                                EQUIP\nequip(); // nahodi veci ( je dobre si veci nejprve na sebe nahodit a zavolat ve hre _saveequip )&quot;,&#10;    &quot;name&quot;: &quot;&quot;,&#10;    &quot;run_once&quot;: 0&#10;}&#10;"/>
    <hotkey type="3" action="1" key="84" modifiers="4" override_pass_key_to_client="0" meta="{&#10;    &quot;external_code&quot;: &quot;// -                                Teleport (svitek)\ncastScroll('port');&quot;,&#10;    &quot;name&quot;: &quot;drink GS&quot;,&#10;    &quot;run_once&quot;: 0&#10;}&#10;"/>
    <hotkey type="3" action="1" key="87" modifiers="10" override_pass_key_to_client="0" meta="{&#10;    &quot;external_code&quot;: &quot;// -                                BANDAGE Target (auto)\nbandageTarget([{ alias: 'mostinjuredalielos', maxDistance: 5 }], false, 50); // healuje nejzranenejsiho frienda v okruhu 5ti policek\n// bandageTarget([{ alias: 'mostinjuredpetlos', maxDistance: 5 }], false, 50); // healuje nejzranenejsiho peta v okruhu 5ti policek&quot;,&#10;    &quot;name&quot;: &quot;&quot;,&#10;    &quot;run_once&quot;: 0&#10;}&#10;"/>
    <hotkey type="3" action="1" key="83" modifiers="8" override_pass_key_to_client="0" meta="{&#10;    &quot;external_code&quot;: &quot;// -                                cepnuti ( TMR )\nfillPotion('tmr');&quot;,&#10;    &quot;name&quot;: &quot;&quot;,&#10;    &quot;run_once&quot;: 0&#10;}&#10;"/>
    <hotkey type="3" action="1" key="71" modifiers="2" override_pass_key_to_client="0" meta="{&#10;    &quot;external_code&quot;: &quot;// -                                Zed (svitek)\nwos(true); // ukazuje priblizny timer na zdi\n// castScroll('wos'); // verze bez timeru&quot;,&#10;    &quot;name&quot;: &quot;&quot;,&#10;    &quot;run_once&quot;: 0&#10;}&#10;"/>
    <hotkey type="3" action="1" key="67" modifiers="0" override_pass_key_to_client="0" meta="{&#10;    &quot;external_code&quot;: &quot;// -                                REFLEX RING\nuseRR();&quot;,&#10;    &quot;name&quot;: &quot;&quot;,&#10;    &quot;run_once&quot;: 0&#10;}&#10;"/>
    <hotkey type="3" action="1" key="70" modifiers="2" override_pass_key_to_client="0" meta="{&#10;    &quot;external_code&quot;: &quot;// -                                Paralyze Field (hlava)\ncast('Paralyze Field');&quot;,&#10;    &quot;name&quot;: &quot;&quot;,&#10;    &quot;run_once&quot;: 0&#10;}&#10;"/>
    <hotkey type="3" action="1" key="86" modifiers="10" override_pass_key_to_client="0" meta="{&#10;    &quot;external_code&quot;: &quot;// -                                Energy Field - mount (sesedne a zakouzli ze svitku na sve jezditko)\nefMount(true);&quot;,&#10;    &quot;name&quot;: &quot;&quot;,&#10;    &quot;run_once&quot;: 0&#10;}&#10;"/>
    <hotkey type="3" action="1" key="82" modifiers="8" override_pass_key_to_client="0" meta="{&#10;    &quot;external_code&quot;: &quot;// -                                cepnuti ( TR )\nfillPotion('tr');&quot;,&#10;    &quot;name&quot;: &quot;&quot;,&#10;    &quot;run_once&quot;: 0&#10;}&#10;"/>
    <hotkey type="3" action="1" key="69" modifiers="2" override_pass_key_to_client="0" meta="{&#10;    &quot;external_code&quot;: &quot;// -                                piti ( GH / GB )\ndrink('gh');\n//drink('gb'); &quot;,&#10;    &quot;name&quot;: &quot;&quot;,&#10;    &quot;run_once&quot;: 0&#10;}&#10;"/>
    <hotkey type="3" action="1" key="81" modifiers="8" override_pass_key_to_client="0" meta="{&#10;    &quot;external_code&quot;: &quot;// -                                cepnuti ( Lavabomb )\nfillPotion('lavabomb');&quot;,&#10;    &quot;name&quot;: &quot;&quot;,&#10;    &quot;run_once&quot;: 0&#10;}&#10;"/>
    <hotkey type="3" action="1" key="65" modifiers="0" override_pass_key_to_client="0" meta="{&#10;    &quot;external_code&quot;: &quot;// -                                Para (lastattack) PVP\ncast('Paralyze', 'lastattack');&quot;,&#10;    &quot;name&quot;: &quot;&quot;,&#10;    &quot;run_once&quot;: 0&#10;}&#10;"/>
    <hotkey type="3" action="1" key="84" modifiers="10" override_pass_key_to_client="0" meta="{&#10;    &quot;external_code&quot;: &quot;// -                                Michnuti ( GS )\nmix('gs');&quot;,&#10;    &quot;name&quot;: &quot;&quot;,&#10;    &quot;run_once&quot;: 0&#10;}&#10;"/>
    <hotkey type="3" action="1" key="72" modifiers="4" override_pass_key_to_client="0" meta="{&#10;    &quot;external_code&quot;: &quot;// -                                piti ( Inviska )\ndrink('invis')&quot;,&#10;    &quot;name&quot;: &quot;&quot;,&#10;    &quot;run_once&quot;: 0&#10;}&#10;"/>
    <hotkey type="3" action="1" key="68" modifiers="2" override_pass_key_to_client="0" meta="{&#10;    &quot;external_code&quot;: &quot;// -                                Dispel (hlava)\ncast('Dispel');&quot;,&#10;    &quot;name&quot;: &quot;&quot;,&#10;    &quot;run_once&quot;: 0&#10;}&#10;"/>
    <hotkey type="3" action="1" key="111" modifiers="20" override_pass_key_to_client="0" meta="{&#10;    &quot;external_code&quot;: &quot;// -                                Info\nScripts.Utils.playerPrint('[ INFO ]');\nOrion.Info();&quot;,&#10;    &quot;name&quot;: &quot;&quot;,&#10;    &quot;run_once&quot;: 0&#10;}&#10;"/>
    <hotkey type="3" action="1" key="87" modifiers="8" override_pass_key_to_client="0" meta="{&#10;    &quot;external_code&quot;: &quot;// -                                BANDAGE\nbandageTarget(); // vyhodi tercik, koho chces bandit&quot;,&#10;    &quot;name&quot;: &quot;&quot;,&#10;    &quot;run_once&quot;: 0&#10;}&#10;"/>
    <hotkey type="3" action="1" key="67" modifiers="2" override_pass_key_to_client="0" meta="{&#10;    &quot;external_code&quot;: &quot;// -                                piti ( GC )\ndrink('gc');&quot;,&#10;    &quot;name&quot;: &quot;&quot;,&#10;    &quot;run_once&quot;: 0&#10;}&#10;"/>
    <hotkey type="3" action="1" key="71" modifiers="0" override_pass_key_to_client="0" meta="{&#10;    &quot;external_code&quot;: &quot;// -                                Zed (hlava)\n//cast('Wall of Stone'); // verze bez timeru\nwos(); // ukazuje priblizny timer na zdi&quot;,&#10;    &quot;name&quot;: &quot;&quot;,&#10;    &quot;run_once&quot;: 0&#10;}&#10;"/>
    <hotkey type="3" action="1" key="83" modifiers="10" override_pass_key_to_client="0" meta="{&#10;    &quot;external_code&quot;: &quot;// -                                michnuti ( TMR / MR )\nmix('tmr');\n//mix('mr');&quot;,&#10;    &quot;name&quot;: &quot;&quot;,&#10;    &quot;run_once&quot;: 0&#10;}&#10;"/>
    <hotkey type="3" action="1" key="82" modifiers="10" override_pass_key_to_client="0" meta="{&#10;    &quot;external_code&quot;: &quot;// -                                Michnuti ( TR )\nmix('tr');&quot;,&#10;    &quot;name&quot;: &quot;&quot;,&#10;    &quot;run_once&quot;: 0&#10;}&#10;"/>
    <hotkey type="3" action="1" key="86" modifiers="8" override_pass_key_to_client="0" meta="{&#10;    &quot;external_code&quot;: &quot;// -                                Energy Field (svitek na sebe)\nef(true, true); // ukazuje priblizny timer na zdi\n//castScroll('ef', 'self');  // verze bez timeru&quot;,&#10;    &quot;name&quot;: &quot;&quot;,&#10;    &quot;run_once&quot;: 0&#10;}&#10;"/>
    <hotkey type="3" action="1" key="70" modifiers="0" override_pass_key_to_client="0" meta="{&#10;    &quot;external_code&quot;: &quot;// -                                KVF (hlava - lastattack) PVP\ncast('Flame Strike', 'lastattack');&quot;,&#10;    &quot;name&quot;: &quot;&quot;,&#10;    &quot;run_once&quot;: 0&#10;}&#10;"/>
    <hotkey type="3" action="1" key="65" modifiers="2" override_pass_key_to_client="0" meta="{&#10;    &quot;external_code&quot;: &quot;// -                                Rel Wis (na sebe - rychlonahozeni statu)\ncast('Feeblemind', 'self');&quot;,&#10;    &quot;name&quot;: &quot;&quot;,&#10;    &quot;run_once&quot;: 0&#10;}&#10;"/>
    <hotkey type="3" action="1" key="69" modifiers="0" override_pass_key_to_client="0" meta="{&#10;    &quot;external_code&quot;: &quot;// -                                POG (svitek - lastattack) PVP\ncastScroll('pog', 'lastattack');&quot;,&#10;    &quot;name&quot;: &quot;&quot;,&#10;    &quot;run_once&quot;: 0&#10;}&#10;"/>
    <hotkey type="3" action="1" key="81" modifiers="10" override_pass_key_to_client="0" meta="{&#10;    &quot;external_code&quot;: &quot;// -                                michnuti ( Lavabomb ) PVP\nmix('lavabomb');&quot;,&#10;    &quot;name&quot;: &quot;&quot;,&#10;    &quot;run_once&quot;: 0&#10;}&#10;"/>
    <hotkey type="3" action="1" key="84" modifiers="8" override_pass_key_to_client="0" meta="{&#10;    &quot;external_code&quot;: &quot;// -                                cepnuti ( GS )\nfillPotion('gs');&quot;,&#10;    &quot;name&quot;: &quot;&quot;,&#10;    &quot;run_once&quot;: 0&#10;}&#10;"/>
    <hotkey type="3" action="1" key="68" modifiers="0" override_pass_key_to_client="0" meta="{&#10;    &quot;external_code&quot;: &quot;// -                                KVF (svitek - lastattack) PVP\ncastScroll('kvf', 'lastattack');&quot;,&#10;    &quot;name&quot;: &quot;&quot;,&#10;    &quot;run_once&quot;: 0&#10;}&#10;"/>
    <hotkey type="3" action="1" key="67" modifiers="4" override_pass_key_to_client="0" meta="{&#10;    &quot;external_code&quot;: &quot;// -                                Summon jezditko\nsummon('Dark Oclock');\n// summon('Horse');&quot;,&#10;    &quot;name&quot;: &quot;&quot;,&#10;    &quot;run_once&quot;: 0&#10;}&#10;"/>
    <hotkey type="3" action="1" key="75" modifiers="0" override_pass_key_to_client="0" meta="{&#10;    &quot;external_code&quot;: &quot;// -                                Klamak (bez targetu)\nuseKlamak(1, true);&quot;,&#10;    &quot;name&quot;: &quot;&quot;,&#10;    &quot;run_once&quot;: 0&#10;}&#10;"/>
    <hotkey type="3" action="1" key="65" modifiers="4" override_pass_key_to_client="0" meta="{&#10;    &quot;external_code&quot;: &quot;// -                                Klamak (pod sebe)\nlight();&quot;,&#10;    &quot;name&quot;: &quot;svetlo self&quot;,&#10;    &quot;run_once&quot;: 0&#10;}&#10;"/>
    <hotkey type="3" action="1" key="76" modifiers="2" override_pass_key_to_client="0" meta="{&#10;    &quot;external_code&quot;: &quot;// -                                Shrinkne (kadi) nejzranenejsiho peta v dosahu\nshrinkOne();&quot;,&#10;    &quot;name&quot;: &quot;&quot;,&#10;    &quot;run_once&quot;: 0&#10;}&#10;"/>
    <hotkey type="3" action="1" key="72" modifiers="0" override_pass_key_to_client="0" meta="{&#10;    &quot;external_code&quot;: &quot;// -                                HIDING\nhiding(true, true); // hiding co dovoli rehidnout stisknutim stejne klavesy jen pokud se stiskne rychle 2x po sobe\n// hiding(); // klasicky hiding, lze prehidnout stisknutim stejne klavesy\n// hiding(false); // hiding co ti nedovoli rehidnout stisknutim stejne klavesy&quot;,&#10;    &quot;name&quot;: &quot;PlayerBackpack&quot;,&#10;    &quot;run_once&quot;: 0&#10;}&#10;"/>
    <hotkey type="3" action="1" key="75" modifiers="2" override_pass_key_to_client="0" meta="{&#10;    &quot;external_code&quot;: &quot;// -                                Shrink kad (bez targetu)\nuseShrinkKad();&quot;,&#10;    &quot;name&quot;: &quot;&quot;,&#10;    &quot;run_once&quot;: 0&#10;}&#10;"/>
    <hotkey type="3" action="1" key="69" modifiers="4" override_pass_key_to_client="0" meta="{&#10;    &quot;external_code&quot;: &quot;// -                                SALAT\nuse(gameObject.uncategorized.salat, 'salat', 1);&quot;,&#10;    &quot;name&quot;: &quot;&quot;,&#10;    &quot;run_once&quot;: 0&#10;}&#10;"/>
    <hotkey type="3" action="1" key="68" modifiers="4" override_pass_key_to_client="0" meta="{&#10;    &quot;external_code&quot;: &quot;// -                                Dispel Field (bez targetu)\ncast('Dispel Field');&quot;,&#10;    &quot;name&quot;: &quot;&quot;,&#10;    &quot;run_once&quot;: 0&#10;}&#10;"/>
    <hotkey type="3" action="1" key="76" modifiers="0" override_pass_key_to_client="0" meta="{&#10;    &quot;external_code&quot;: &quot;// -                                Klamak (pod sebe)\nuseKlamak(3) || \nuseKlamak(4) ||\nuseKlamak(5) ||\nuseKlamak(2) ||\nuseKlamak(1) ||\nfalse\n\n// vyhazuje klamaka podle levelu, nejdrive zkusi 3ku, pak 4ku atd atd.&quot;,&#10;    &quot;name&quot;: &quot;&quot;,&#10;    &quot;run_once&quot;: 0&#10;}&#10;"/>
    <hotkey type="3" action="1" key="113" modifiers="0" override_pass_key_to_client="0" meta="{&#10;    &quot;external_code&quot;: &quot;// -                                Sipka (bez targetu)\ncast('Magic Arrow');&quot;,&#10;    &quot;name&quot;: &quot;&quot;,&#10;    &quot;run_once&quot;: 0&#10;}&#10;"/>
    <hotkey type="3" action="1" key="121" modifiers="4" override_pass_key_to_client="0" meta="{&#10;    &quot;external_code&quot;: &quot;// -                                Taming (vse)\ntaming(true);\n// taming(true, {walkTo: false, hiding: true, handleWarMode: false}); // tamuje vse okolo, nechodi k tomu, hiduje a neprepina war&quot;,&#10;    &quot;name&quot;: &quot;&quot;,&#10;    &quot;run_once&quot;: 0&#10;}&#10;"/>
    <hotkey type="3" action="1" key="120" modifiers="4" override_pass_key_to_client="0" meta="{&#10;    &quot;external_code&quot;: &quot;// -                                Taming (bez targetu)\ntaming();\n// taming(false, {walkTo: false, hiding: true, handleWarMode: false}); // vyhodi target na taming, nechodi k tomu, hiduje a neprepina war&quot;,&#10;    &quot;name&quot;: &quot;&quot;,&#10;    &quot;run_once&quot;: 0&#10;}&#10;"/>
    <hotkey type="3" action="1" key="119" modifiers="0" override_pass_key_to_client="0" meta="{&#10;    &quot;external_code&quot;: &quot;// -                                STATUS ALL\n\n// vyhodi statusbary na urcene misto s mezerami/bez\nstatusAll([NotorietyEnum.blue, NotorietyEnum.green], 'RightTop', 0, false, 2, -140, 0); // MODRE a ZELENE doprava, pod IDcko 0, NEZAVIRAT ty co nejsou neaktivni / v dosahu\nstatusAll([NotorietyEnum.red, NotorietyEnum.gray], 'LeftTop', 1, true, 2, 140, 0); // CERVENE doleva, pod IDcko 1, ZAVIRAT ty co nejsou neaktivni / v dosahu&quot;,&#10;    &quot;name&quot;: &quot;&quot;,&#10;    &quot;run_once&quot;: 0&#10;}&#10;"/>
    <hotkey type="3" action="1" key="117" modifiers="0" override_pass_key_to_client="0" meta="{&#10;    &quot;external_code&quot;: &quot;// -                                TARGET NEXT\n\n// v kombinaci s TARGET PREVIOUS se v intervalu dokaze prepinat zpet na predchozi targety\n\n// Klasicke prepnuti 'lastattack' targetu na nejblizsi cizi jednotku, pri vicenasobnem stisknuti v intervalu mensim nez 1,5s prepina na dalsi v poradi\ntargetNext(1500, ['ignorefriendlytypes']);\n// targetNext(1500, ['ignorefriendlytypes'], undefined, {showStatusBar: true}); // zde je mozne si nastavit vyhazovani zalozky (statusbaru)\n\n// targetovani za frakci\n// targetNext(1500, undefined, [NotorietyEnum.orange, NotorietyEnum.red]);\n\n// targetovani za PK - targetuje jen humany co nejsou ve friendech (cervene i modre)\n//targetNext(1500, [FlagsEnum.ignoreFriends, FlagsEnum.human], undefined);&quot;,&#10;    &quot;name&quot;: &quot;&quot;,&#10;    &quot;run_once&quot;: 0&#10;}&#10;"/>
    <hotkey type="3" action="1" key="113" modifiers="2" override_pass_key_to_client="0" meta="{&#10;    &quot;external_code&quot;: &quot;// -                                Detecting hidden\nScripts.Utils.playerPrint('[ Detecting.. ]');\nOrion.WarMode(true);\nOrion.UseSkill('Detecting hidden');&quot;,&#10;    &quot;name&quot;: &quot;&quot;,&#10;    &quot;run_once&quot;: 0&#10;}&#10;"/>
    <hotkey type="3" action="1" key="116" modifiers="0" override_pass_key_to_client="0" meta="{&#10;    &quot;external_code&quot;: &quot;// -                                TARGET PREVIOUS\n\n// v kombinaci s TARGET NEXT se v intervalu dokaze prepinat zpet na predchozi targety\n\n// Klasicke prepnuti 'lastattack' targetu na nejblizsi cizi jednotku, pri vicenasobnem stisknuti v intervalu mensim nez 1,5s prepina na dalsi v poradi\ntargetPrevious(1500, ['ignorefriendlytypes']);\n// targetPrevious(1500, ['ignorefriendlytypes'], undefined, {showStatusBar: true}); // zde je mozne si nastavit vyhazovani zalozky (statusbaru)\n\n// targetovani za frakci\n// targetPrevious(1500, undefined, [NotorietyEnum.orange, NotorietyEnum.red]);\n\n// targetovani za PK - targetuje jen humany co nejsou ve friendech (cervene i modre)\n//targetPrevious(1500, [FlagsEnum.ignoreFriends, FlagsEnum.human], undefined);&quot;,&#10;    &quot;name&quot;: &quot;slepiceKlamak&quot;,&#10;    &quot;run_once&quot;: 0&#10;}&#10;"/>
    <hotkey type="3" action="1" key="123" modifiers="0" override_pass_key_to_client="0" meta="{&#10;    &quot;external_code&quot;: &quot;// -                                Reset statu\nresetStats();&quot;,&#10;    &quot;name&quot;: &quot;&quot;,&#10;    &quot;run_once&quot;: 0&#10;}&#10;"/>
    <hotkey type="3" action="1" key="122" modifiers="0" override_pass_key_to_client="0" meta="{&#10;    &quot;external_code&quot;: &quot;// -                                LOOT ALL (lotovani sveho tela narp.)\nlootAll(500); // lootuje vse z vybraneho targetu (interval 500ms)&quot;,&#10;    &quot;name&quot;: &quot;&quot;,&#10;    &quot;run_once&quot;: 0&#10;}&#10;"/>
    <hotkey type="3" action="1" key="121" modifiers="0" override_pass_key_to_client="0" meta="{&#10;    &quot;external_code&quot;: &quot;// -                                Tracking (radar)\n\n// trackuje a vypisuje vse.., vybrana jmena pak pri shode vypise nad hracem\ntrackingRadar([\n\t{name: 'Mestska straz', color: 0x0482},\n\t{name: 'Animal guardian', color: 0x0026},\n\t{name: 'Bugged', msg: '!!--[ PK ]--!!', color: 0x0026},\n\t{name: 'Lux', msg: '!!--[ PK ]--!!', color: 0x0026},\n\t{name: 'Zahe', msg: '!!--[ PK ]--!!', color: 0x0026},\n\t{name: 'Dona', msg: '!!--[ PK ]--!!', color: 0x0026},\n\t{name: 'El Wray', msg: '!!--[ PK ]--!!', color: 0x0026}\n]);&quot;,&#10;    &quot;name&quot;: &quot;&quot;,&#10;    &quot;run_once&quot;: 0&#10;}&#10;"/>
    <hotkey type="3" action="1" key="120" modifiers="0" override_pass_key_to_client="0" meta="{&#10;    &quot;external_code&quot;: &quot;// -                                Tracking\nScripts.Utils.playerPrint('[ Tracking.. ]');\ntracking(); // trackuje hrace\n// tracking('Animals'); // trackuje zvirata&quot;,&#10;    &quot;name&quot;: &quot;&quot;,&#10;    &quot;run_once&quot;: 0&#10;}&#10;"/>
    <hotkey type="3" action="1" key="119" modifiers="4" override_pass_key_to_client="0" meta="{&#10;    &quot;external_code&quot;: &quot;// -                                Status bar\nstatusBar(); // vytvori nepadajici zalozku s HPckama&quot;,&#10;    &quot;name&quot;: &quot;&quot;,&#10;    &quot;run_once&quot;: 0&#10;}&#10;"/>
    <hotkey type="3" action="1" key="107" modifiers="4" override_pass_key_to_client="0" meta="{&#10;    &quot;external_code&quot;: &quot;// -                                RESYNC / RESEND\nOrion.Resend();&quot;,&#10;    &quot;name&quot;: &quot;&quot;,&#10;    &quot;run_once&quot;: 0&#10;}&#10;"/>
    <hotkey type="3" action="1" key="106" modifiers="4" override_pass_key_to_client="0" meta="{&#10;    &quot;external_code&quot;: &quot;// -                                Hide\nOrion.Hide(); // hidne vybranou vec (zakazane hidovat mobilni jednotky a prochazet je - jinak riskujete postih)&quot;,&#10;    &quot;name&quot;: &quot;&quot;,&#10;    &quot;run_once&quot;: 0&#10;}&#10;"/>
    <hotkey type="3" action="1" key="105" modifiers="4" override_pass_key_to_client="0" meta="{&#10;    &quot;external_code&quot;: &quot;// -                                Summon - prepnuti\nvar LOW_SUMMON = 'Wraith';\n// var LOW_SUMMON = 'Giant Spider';\nShared.AddVar('currentSummon', LOW_SUMMON);\nScripts.Utils.playerPrint('[ ' + LOW_SUMMON + ' ]');&quot;,&#10;    &quot;name&quot;: &quot;&quot;,&#10;    &quot;run_once&quot;: 0&#10;}&#10;"/>
    <hotkey type="3" action="1" key="100" modifiers="2" override_pass_key_to_client="0" meta="{&#10;    &quot;external_code&quot;: &quot;// -                                Great Gold Ring\nuseGGR();&quot;,&#10;    &quot;name&quot;: &quot;&quot;,&#10;    &quot;run_once&quot;: 0&#10;}&#10;"/>
    <hotkey type="3" action="1" key="104" modifiers="4" override_pass_key_to_client="0" meta="{&#10;    &quot;external_code&quot;: &quot;// -                                Summon - prepnuti\nvar MID_SUMMON = 'Mummy';\n// var MID_SUMMON = 'Giant Viper';\nShared.AddVar('currentSummon', MID_SUMMON);\nScripts.Utils.playerPrint('[ ' + MID_SUMMON + ' ]');&quot;,&#10;    &quot;name&quot;: &quot;&quot;,&#10;    &quot;run_once&quot;: 0&#10;}&#10;"/>
    <hotkey type="3" action="1" key="99" modifiers="2" override_pass_key_to_client="0" meta="{&#10;    &quot;external_code&quot;: &quot;// -                                Buben (self)\ndrum('self');&quot;,&#10;    &quot;name&quot;: &quot;&quot;,&#10;    &quot;run_once&quot;: 0&#10;}&#10;"/>
    <hotkey type="3" action="1" key="98" modifiers="2" override_pass_key_to_client="0" meta="{&#10;    &quot;external_code&quot;: &quot;// -                                Harfa (self)\nharp('self');&quot;,&#10;    &quot;name&quot;: &quot;&quot;,&#10;    &quot;run_once&quot;: 0&#10;}&#10;"/>
    <hotkey type="3" action="1" key="109" modifiers="4" override_pass_key_to_client="0" meta="{&#10;    &quot;external_code&quot;: &quot;// -                                Hide ALL\nhideAll(false); // hidne vse (pouzivejte jen na zdeni, jinak riskujete postih)\n//hideAll(); // funguje jako jednoklavesovy prepinac na volani hideAll a resend&quot;,&#10;    &quot;name&quot;: &quot;&quot;,&#10;    &quot;run_once&quot;: 0&#10;}&#10;"/>
    <hotkey type="3" action="1" key="97" modifiers="2" override_pass_key_to_client="0" meta="{&#10;    &quot;external_code&quot;: &quot;// -                                Loutna (self)\nlute('self');&quot;,&#10;    &quot;name&quot;: &quot;&quot;,&#10;    &quot;run_once&quot;: 0&#10;}&#10;"/>
    <hotkey type="3" action="1" key="99" modifiers="4" override_pass_key_to_client="0" meta="{&#10;    &quot;external_code&quot;: &quot;// -                                Buben (bez targetu)\nScripts.Utils.playerPrint('[ Buben ]');\ndrum();&quot;,&#10;    &quot;name&quot;: &quot;&quot;,&#10;    &quot;run_once&quot;: 0&#10;}&#10;"/>
    <hotkey type="3" action="1" key="98" modifiers="4" override_pass_key_to_client="0" meta="{&#10;    &quot;external_code&quot;: &quot;// -                                Harfa (bez targetu)\nScripts.Utils.playerPrint('[ Harfa ]');\nharp();&quot;,&#10;    &quot;name&quot;: &quot;&quot;,&#10;    &quot;run_once&quot;: 0&#10;}&#10;"/>
    <hotkey type="3" action="1" key="97" modifiers="4" override_pass_key_to_client="0" meta="{&#10;    &quot;external_code&quot;: &quot;// -                                Loutna (bez targetu)\nScripts.Utils.playerPrint('[ Loutna ]');\nlute();&quot;,&#10;    &quot;name&quot;: &quot;&quot;,&#10;    &quot;run_once&quot;: 0&#10;}&#10;"/>
    <hotkey type="3" action="1" key="103" modifiers="4" override_pass_key_to_client="0" meta="{&#10;    &quot;external_code&quot;: &quot;// -                                Summon - prepnuti\nvar HIGH_SUMMON = 'Death Vortex';\n// var HIGH_SUMMON = 'Magic Drake';\nShared.AddVar('currentSummon', HIGH_SUMMON);\nScripts.Utils.playerPrint('[ ' + HIGH_SUMMON + ' ]');&quot;,&#10;    &quot;name&quot;: &quot;&quot;,&#10;    &quot;run_once&quot;: 0&#10;}&#10;"/>
    <hotkey type="3" action="1" key="109" modifiers="0" override_pass_key_to_client="0" meta="{&#10;    &quot;external_code&quot;: &quot;// -                                Transparency (prepinani)\n\n// transparency(); // klasickej circle of transparency\n\n\n//hotfix\nvar option = !Orion.ClientOptionGet('AllStaticTransparent');\nOrion.ClientOptionSet('UseCircleTrans', option ? 1 : 0);\ntransparency(true); // prepina transparency na vsechny statiky&quot;,&#10;    &quot;name&quot;: &quot;&quot;,&#10;    &quot;run_once&quot;: 0&#10;}&#10;"/>
    <hotkey type="3" action="1" key="186" modifiers="2" override_pass_key_to_client="0" meta="{&#10;    &quot;external_code&quot;: &quot;// -                                Shrinkne vse (kadi)\nshrinkAll();&quot;,&#10;    &quot;name&quot;: &quot;&quot;,&#10;    &quot;run_once&quot;: 0&#10;}&#10;"/>
</data>
